{"schemaVersion":16,"addons":[{"id":"mr-IN@dictionaries.addons.mozilla.org","syncGUID":"jy85ykkhLnqs","location":"app-profile","version":"9.3","type":"extension","internalName":null,"updateURL":null,"updateKey":null,"optionsURL":null,"optionsType":null,"aboutURL":null,"iconURL":null,"icon64URL":null,"defaultLocale":{"name":"Marathi (India) Dictionary","description":"Marathi (India) spellchecking dictionary","creator":"Shantanu Oak","homepageURL":"http://code.google.com/p/hunspell-marathi-dictionary","contributors":["Word List provided at: code.google.com/p/hunspell-marathi-dictionary"]},"visible":true,"active":true,"userDisabled":false,"appDisabled":false,"descriptor":"/home/ubuntu/.mozilla/firefox/a.default/extensions/mr-IN@dictionaries.addons.mozilla.org","installDate":1416375788000,"updateDate":1416375788000,"applyBackgroundUpdates":1,"bootstrap":false,"size":5418742,"sourceURI":null,"releaseNotesURI":null,"softDisabled":false,"foreignInstall":true,"hasBinaryComponents":false,"strictCompatibility":false,"locales":[],"targetApplications":[{"id":"{ec8030f7-c20a-464f-9b0e-13a3a9e97384}","minVersion":"2.0","maxVersion":"4.0.*"},{"id":"{3550f703-e582-4d05-9a08-453d09bdfdc6}","minVersion":"2.0","maxVersion":"3.0b2"},{"id":"{92650c4d-4b8e-4d2a-b7eb-24ecf4f6b63a}","minVersion":"1.1a","maxVersion":"2.0b1"},{"id":"{718e30fb-e89b-41dd-9da7-e25a45638b28}","minVersion":"0.3.1","maxVersion":"1.0pre"}],"targetPlatforms":[],"multiprocessCompatible":false}]}
